{
    "Project Information": {
        "Name": "puc_small",
        "Folder Path": "/Users/leticia/Documents/OCT_2025/Mac_GUI/projects/puc_small/",
        "Proxy Path": "none",
        "Units": "Metric",
        "Long Length Unit": "meters",
        "Short Length Unit": "m",
        "Big Short Length Unit": "km",
        "Area Unit": "km^2",
        "Small Area Unit": "m^2",
        "Loading Unit": "kg/m^2",
        "Density Unit": "kg/m^3",
        "Weight Unit": "kg",
        "Speed Unit": "m/s",
        "Version": "1.1.0"
    },
    "Location": {
        "Location Method": "Upload",
        "Method Options": {
            "Upload": {
                "Path File": "/Users/leticia/Documents/OCT_2025/Mac_GUI/projects/puc_small/PUC cut 2.geojson"
            },
            "Define": {
                "Length": "0.0",
                "Width": "0.0",
                "Latitude": "0",
                "Longitude": "0"
            }
        },
        "QF Domain": {
            "Nx": "133",
            "Ny": "320",
            "Nz": "59",
            "SW Coordinate X": "-2250542.0",
            "SW Coordinate Y": "2041100.0",
            "Zone Letter": "A",
            "Zone Number": "1",
            "EPSG": "5070",
            "Projection": "NAD83/CONUS Albers",
            "QU Nz": "0.0"
        },
        "QS Domain": {
            "QS Nx": "0",
            "QS Ny": "0",
            "QS Nz": "0",
            "QS SW Coordinate X": "0",
            "QS SW Coordinate Y": "0",
            "QS QU Nz": "0",
            "QS Topography": "none",
            "QS Horizontal Resolution": "100",
            "QS dz": "5",
            "QS Outter Geojson": "none",
            "QS Domain Area": "0"
        },
        "Scalebar": "978.0",
        "Domain Rotation": "26.412414386126343",
        "BU Geojson": "/Users/leticia/Documents/OCT_2025/Mac_GUI/projects/puc_small/ff.geojson",
        "Padding Geojson": "/Users/leticia/Documents/OCT_2025/Mac_GUI/projects/puc_small/ff_pad.geojson",
        "Domain Geojson": "/Users/leticia/Documents/OCT_2025/Mac_GUI/projects/puc_small/ff_domain.geojson",
        "Domain Area": "0.176256",
        "Burn Unit Area": "0.091056",
        "Horizontal Resolution": "2.0",
        "Boundary Padding Unify": "True",
        "Boundary Padding North": "50.0",
        "Boundary Padding South": "50.0",
        "Boundary Padding East": "50.0",
        "Boundary Padding West": "50.0"
    },
    "Fuels": {
        "Fuels Method": "FastFuels",
        "FastFuels": {
            "Surface Moisture": "15.0",
            "Canopy Moisture": "100.0",
            "Distribution Method": "uniform",
            "Remove Roads": "1.0",
            "Remove Water Features": "1.0",
            "Remove Buildings": "0.0",
            "FastFuels API": "",
            "TPA": "804.2279411764706",
            "Basal Area": "32.854934678458434",
            "Treatment List": {},
            "Treelist": "none"
        },
        "LANL Trees": {
            "Use Grass": "1.0",
            "Use Litter": "0.0",
            "Bulk Density": "1.4",
            "Moisture": "6.0",
            "Depth": "0.27",
            "Grass Sizescale": "0.0005",
            "Shading Constant": "5.0",
            "Litter Shading Constant": "5.0",
            "Litter Bulk Density": "4.667",
            "Litter Moisture": "6.0",
            "Litter Sizescale": "0.0005",
            "Litter Depth": "0.06",
            "DUET windprofile": "2",
            "DUET densitythresh": "1.5",
            "DUET YearsSinceBurn": "1",
            "DUET StepsPerYear": "1",
            "DUET relhum": "0.1",
            "DUET grassstep": "1",
            "DUET iFIAspecies": "1",
            "DUET Number of FIA Species": "1",
            "DUET FIA": {
                "FIA 1": "106"
            },
            "DUET randomwinds": "2",
            "Treelist Method": "No Trees",
            "Treelist Path": "none",
            "Treelist Name": "None",
            "Treelist ndatax": "0",
            "Treelist ndatay": "0",
            "Tree Random Placement": "0",
            "Forest Painter": {
                "Species 1": {
                    "Species 1 Label": "Species 1",
                    "Species 1 Height": 10.0,
                    "Species 1 Canopy Diameter": 3.0,
                    "Species 1 Canopy Base Height": 4.0,
                    "Species 1 Height to Canopy Diameter": 6.0,
                    "Species 1 Canopy Bulk Density": 0.1,
                    "Species 1 Canopy Fuel Moisture": "100.0",
                    "Species 1 Tree Variability": "0",
                    "Species 1 xy": []
                }
            },
            "Ideal Forest": {
                "Ideal Forest Method": "Choose Method",
                "Ideal Forest Image": "none",
                "Ideal Forest Radial Tree Ring": "30.0",
                "Ideal Forest Radial Ring Spacing": "10",
                "Ideal Forest Radial Rings": "200.0",
                "Ideal Forest Random Min Dist": "5",
                "Ideal Forest Random TPH": "150.0",
                "Ideal Forest Plantation X": "10",
                "Ideal Forest Plantation Y": "10",
                "Ideal Forest Clump Area": "500",
                "Ideal Forest Clump Varience": "0.4",
                "Ideal Forest Clump Distence": "10",
                "Ideal Forest Clump Min Dist": "200"
            }
        },
        "Fuel Edits": {
            "Edits Geojson": "none",
            "Polygon Number": "0"
        },
        "Topography": {
            "Topography Path": "/Users/leticia/Documents/OCT_2025/Mac_GUI/projects/puc_small/fastfuels_topo.dat",
            "Topography Name": "fastfuels_topo.dat",
            "Ideal Method": "5",
            "Ideal Topography": {
                "Canyon Start X": "10.0",
                "Canyon Start Y": "10.0",
                "Canyon Slope": "0.0",
                "Canyon Standard Deviation": "20.0",
                "Canyon Vertical Offset": "6.0",
                "Coshill Aspect": "10.0",
                "Coshill Height": "1.0",
                "Gaussian Hill Center X": "0",
                "Gaussian Hill Center Y": "0",
                "Gaussian Max Height": "30",
                "Gaussian Standard Deviation": "5",
                "Hill Pass Height": "0",
                "Hill Pass Location": "10",
                "Sinusoid Period": "150",
                "Sinusoid Amplitude": "5",
                "Slope Mesa Axis": "0",
                "Slope Mesa Value": "0.5",
                "Slope Mesa Flat Fraction": "0"
            },
            "Topography Image": {
                "Topography Image File Path": "",
                "Min Topo Elev": "0.0",
                "Max Topo Elev": "10.0"
            }
        }
    },
    "Meteorology": {
        "Meteorology Method": "Manual",
        "Update Number": "1",
        "Sensor Count": "1",
        "Anemometer File Path": "none",
        "Get Weather Data": "0",
        "Sensor Dictonary": {
            "sensor1": {
                "sensor1 x location": "0",
                "sensor1 y location": "0",
                "sensor1 Height Number": "1",
                "sensor1 updates": {
                    "sensor1 1": {
                        "sensor1 update1 BL": "1",
                        "sensor1 update1 roughness": "0.01",
                        "sensor1 update1 1/L": "0.0",
                        "sensor1 update1 ht1": {
                            "sensor1 update1 ht1 ht": "6.1",
                            "sensor1 update1 ht1 spd": "6.0",
                            "sensor1 update1 ht1 dir": "270.0"
                        }
                    }
                }
            }
        },
        "Epoch Dictonary": {
            "1": "02-22-2024 14:00:00"
        }
    },
    "Ignitions": {
        "Ignition Method": "none",
        "Ignition Geojson": "none",
        "Firing Unit Geojson": "none",
        "Blackline Geojson": "none",
        "Ignition Name": "none",
        "Final Ignition Number": "0",
        "LANL Ignitions": {
            "Ign Start Time": "0.0",
            "Ign End Time": "0.0",
            "Ign Total Time": "0.0",
            "Number of Paths": "0.0",
            "Speeds": {
                "Walking": "1.5",
                "ATV": "3.5",
                "Drone": "13.4",
                "Helo": "22.4"
            },
            "Image Filepath": "none",
            "Image File Name": "none",
            "Custom Ignition File": "none"
        }
    },
    "Simulate": {
        "Timings": {
            "Start Time": "02-22-2024 14:00:00",
            "UNIX Start Time": "1708635600",
            "Run Time": "600"
        },
        "Runtime Options": {
            "Fire Time Steps": "1 (s)",
            "Wind Time Steps": "1 (s)",
            "CPU": "1",
            "Adaptive Window": "1.0",
            "Patch Gap Flag": "0",
            "Size Scale Flag": "0",
            "PrintFire": "60",
            "PrintWind": "60",
            "PrintAvgER": "60",
            "PrintAvgWind": "60",
            "BP3D": "0",
            "BP3D Username": "",
            "BP3D Objectives": {
                "Midstory Height": "5.0",
                "Lower Surface": "80",
                "Lower Midstory": "0",
                "Lower Canopy": "0",
                "Upper Surface": "100",
                "Upper Midstory": "20",
                "Upper Canopy": "10"
            },
            "BP3D Inputs": {
                "Ensamble Windspeeds": [
                    "0.0"
                ],
                "Ensamble Surface Fuel Moisture": [
                    "0"
                ],
                "Ensamble Canopy Moisture": [
                    "0"
                ]
            }
        },
        "Input Files": {
            "Fuel Density": "treesrhof.dat",
            "Fuel Moisture": "treesmoist.dat",
            "Fuel Depth": "treesfueldepth.dat",
            "Fuel Size Scale": "none"
        },
        "Outputs": {
            "Output Step": "1 (min)",
            "Output EtA": "1",
            "Output Reaction Rate": "0",
            "Output Fuel Density": "1",
            "Output Fuel Moisture": "1",
            "Output Mass Burnt": "0",
            "Output Winds (u,v,w,sigma)": "0",
            "Output Instant Winds": "1",
            "Output Averaged Winds": "0",
            "Output Emissions": "No output",
            "Output Plume Trajectories": "0",
            "Output Firebrand Trajectories": "0",
            "Output Thermal Radiation": "0",
            "Output Surface Fire Intensity": "0"
        },
        "Simulation Run": {
            "QUIC-Fire": "1.0",
            "QUIC-Smoke": "0.0"
        }
    },
    "Analyze": {
        "Pyvista": {
            "Movie Name": "puc_small",
            "Fire Tracking": "0.0",
            "Subplots": "0.0",
            "Individual": "0.0",
            "All-in-One": "1.0",
            "Camera Tracking X": "0",
            "Camera Tracking Y": "0",
            "Camera Tracking Z": "0",
            "Camera Focus X": "0",
            "Camera Focus Y": "0",
            "Camera Focus Z": "0",
            "Camera Normal X": "0",
            "Camera Normal Y": "0",
            "Camera Normal Z": "0"
        },
        "Drawfire": {
            "Vertical slices": "0",
            "Plots Choice": {
                "Plot EtA": "0.0",
                "Plot Reaction Rate": "0.0",
                "Plot Fuel Density": "0.0",
                "Plot Fuel Moisture": "0.0",
                "Plot Mass Burnt": "0.0",
                "Plot FireCA Winds": "0.0",
                "Plot Instant Winds": "0.0",
                "Plot Averaged Winds": "0.0",
                "Plot Emissions": "0.0"
            }
        },
        "Reporter": {
            "Reporter GPS": "0.0",
            "Reporter Coordinates": "0.0",
            "Reporter Topography": "0.0",
            "Reporter 2D Fuel Maps": "0.0",
            "Reporter Fuel Statistics": "0.0",
            "Reporter Sensor Inputs": "0.0",
            "Reporter Ignition Details": "0.0",
            "Reporter Fuel Consumption": "0.0",
            "Reporter Moisture Loss": "0.0",
            "Reporter EtA": "0.0",
            "Reporter Slop-Overs": "0.0",
            "GPS": "1",
            "Coordinates": "1"
        }
    }
}